# ************************************************************
# Sequel Pro SQL dump
# Versión 4541
#
# http://www.sequelpro.com/
# https://github.com/sequelpro/sequelpro
#
# Host: 127.0.0.1 (MySQL 5.5.5-10.5.12-MariaDB-1:10.5.12+maria~focal)
# Base de datos: demo_leads_facebook
# Tiempo de Generación: 2022-10-13 06:00:55 +0000
# ************************************************************


/*!40101 SET @OLD_CHARACTER_SET_CLIENT=@@CHARACTER_SET_CLIENT */;
/*!40101 SET @OLD_CHARACTER_SET_RESULTS=@@CHARACTER_SET_RESULTS */;
/*!40101 SET @OLD_COLLATION_CONNECTION=@@COLLATION_CONNECTION */;
/*!40101 SET NAMES utf8 */;
/*!40014 SET @OLD_FOREIGN_KEY_CHECKS=@@FOREIGN_KEY_CHECKS, FOREIGN_KEY_CHECKS=0 */;
/*!40101 SET @OLD_SQL_MODE=@@SQL_MODE, SQL_MODE='NO_AUTO_VALUE_ON_ZERO' */;
/*!40111 SET @OLD_SQL_NOTES=@@SQL_NOTES, SQL_NOTES=0 */;


# Volcado de tabla facebook_ad_sets
# ------------------------------------------------------------

DROP TABLE IF EXISTS `facebook_ad_sets`;

CREATE TABLE `facebook_ad_sets` (
  `ad_set_id` bigint(20) NOT NULL,
  `campaign_id` bigint(20) NOT NULL,
  `name` varchar(255) COLLATE utf8mb4_unicode_ci NOT NULL,
  `start_time` datetime NOT NULL,
  `end_time` datetime DEFAULT NULL,
  `media_code` varchar(255) COLLATE utf8mb4_unicode_ci NOT NULL,
  `status` enum('1','2') COLLATE utf8mb4_unicode_ci NOT NULL DEFAULT '2',
  `created_at` timestamp NULL DEFAULT NULL,
  `updated_at` timestamp NULL DEFAULT NULL,
  PRIMARY KEY (`ad_set_id`),
  KEY `facebook_ad_sets_campaign_id_foreign` (`campaign_id`),
  CONSTRAINT `facebook_ad_sets_campaign_id_foreign` FOREIGN KEY (`campaign_id`) REFERENCES `facebook_campaigns` (`campaign_id`)
) ENGINE=InnoDB DEFAULT CHARSET=utf8mb4 COLLATE=utf8mb4_unicode_ci;

LOCK TABLES `facebook_ad_sets` WRITE;
/*!40000 ALTER TABLE `facebook_ad_sets` DISABLE KEYS */;

INSERT INTO `facebook_ad_sets` (`ad_set_id`, `campaign_id`, `name`, `start_time`, `end_time`, `media_code`, `status`, `created_at`, `updated_at`)
VALUES
	(23847159045830700,23847159045780700,'Core Auto Insurance | FWYTX-A-FB-LP-E-06495','2021-03-19 14:55:38',NULL,'FWYTX-A-FB-LP-E-06495','1','2021-03-26 13:23:59','2021-03-26 13:23:59'),
	(23847336687700700,23847159045780700,'LLA Form Sent | FWYTX-A-FB-LP-E-06495','2021-04-13 09:51:05',NULL,'FWYTX-A-FB-LP-E-06495','1','2021-04-19 12:54:10','2021-04-19 12:54:10'),
	(23850162641760246,23850162641720246,'SE-CNF-RECRUITENTAD-NEWHIRINGBONUS26KV5','2022-01-10 13:43:24',NULL,'no_media_code','1','2022-05-11 17:32:56','2022-05-11 17:32:56'),
	(23850621591880246,23850601552120246,'SE-CNF-RECRUITMENTAD-CSWOMEN','2022-03-10 11:18:54',NULL,'no_media_code','1','2022-05-11 18:59:23','2022-05-11 18:59:23'),
	(23851195071270246,23850162641720246,'SE-CNF-RECRUITENTAD-NEWHIRINGBONUS26KV5 - Core','2022-05-11 12:51:48',NULL,'no_media_code','1','2022-05-11 19:35:51','2022-05-11 19:35:51');

/*!40000 ALTER TABLE `facebook_ad_sets` ENABLE KEYS */;
UNLOCK TABLES;


# Volcado de tabla facebook_ads
# ------------------------------------------------------------

DROP TABLE IF EXISTS `facebook_ads`;

CREATE TABLE `facebook_ads` (
  `ad_id` bigint(20) NOT NULL,
  `ad_set_id` bigint(20) NOT NULL,
  `name` varchar(255) COLLATE utf8mb4_unicode_ci NOT NULL,
  `status` enum('1','2') COLLATE utf8mb4_unicode_ci NOT NULL DEFAULT '2',
  `created_at` timestamp NULL DEFAULT NULL,
  `updated_at` timestamp NULL DEFAULT NULL,
  PRIMARY KEY (`ad_id`),
  KEY `facebook_ads_ad_set_id_foreign` (`ad_set_id`),
  CONSTRAINT `facebook_ads_ad_set_id_foreign` FOREIGN KEY (`ad_set_id`) REFERENCES `facebook_ad_sets` (`ad_set_id`)
) ENGINE=InnoDB DEFAULT CHARSET=utf8mb4 COLLATE=utf8mb4_unicode_ci;

LOCK TABLES `facebook_ads` WRITE;
/*!40000 ALTER TABLE `facebook_ads` DISABLE KEYS */;

INSERT INTO `facebook_ads` (`ad_id`, `ad_set_id`, `name`, `status`, `created_at`, `updated_at`)
VALUES
	(23847159045850700,23847159045830700,'Image','1','2021-03-26 13:23:59','2021-03-26 13:23:59'),
	(23847287545200700,23847159045830700,'Video 1 | 1/day','1','2021-04-07 12:12:58','2021-04-07 12:12:58'),
	(23847336687680700,23847336687700700,'Image 1 a day','1','2021-04-29 06:28:07','2021-04-29 06:28:07'),
	(23847336687690700,23847336687700700,'Video 1 | 1/day','1','2021-04-19 12:54:11','2021-04-19 12:54:11'),
	(23847336687710700,23847336687700700,'Image','1','2021-04-20 18:19:48','2021-04-20 18:19:48'),
	(23850621591900246,23850621591880246,'SE-CNF-RECRUITMENTAT-CSWOMEN-VERS.A','1','2022-05-11 18:59:24','2022-05-11 18:59:24'),
	(23850712135690246,23850162641760246,'SE-CNF-RECRUITMENTAD-NEWHIRINGBONUS26KV5 - Copia','1','2022-05-11 18:14:54','2022-05-11 18:14:54'),
	(23851035801350246,23850162641760246,'SE-CNF-RECRUITMENTAD-NEWHIRINGBONUS26KV5 -SalesPositions','1','2022-05-11 17:32:56','2022-05-11 17:32:56'),
	(23851195071280246,23851195071270246,'SE-CNF-RECRUITMENTAD-NEWHIRINGBONUS26KV5 -SalesPositions','1','2022-05-11 22:21:01','2022-05-11 22:21:01'),
	(23851195071290246,23851195071270246,'SE-CNF-RECRUITMENTAD-NEWHIRINGBONUS26KV5 - Copia','1','2022-05-12 00:56:12','2022-05-12 00:56:12'),
	(23851195071300246,23851195071270246,'SE-CNF-RECRUITMENTAD-NEWHIRINGBONUS26KV5 - Copia','1','2022-05-11 19:35:52','2022-05-11 19:35:52');

/*!40000 ALTER TABLE `facebook_ads` ENABLE KEYS */;
UNLOCK TABLES;


# Volcado de tabla facebook_brands
# ------------------------------------------------------------

DROP TABLE IF EXISTS `facebook_brands`;

CREATE TABLE `facebook_brands` (
  `fanpage_id` bigint(20) NOT NULL,
  `name` varchar(255) COLLATE utf8mb4_unicode_ci NOT NULL,
  `created_at` timestamp NULL DEFAULT NULL,
  `updated_at` timestamp NULL DEFAULT NULL,
  PRIMARY KEY (`fanpage_id`)
) ENGINE=InnoDB DEFAULT CHARSET=utf8mb4 COLLATE=utf8mb4_unicode_ci;

LOCK TABLES `facebook_brands` WRITE;
/*!40000 ALTER TABLE `facebook_brands` DISABLE KEYS */;

INSERT INTO `facebook_brands` (`fanpage_id`, `name`, `created_at`, `updated_at`)
VALUES
	(123456781,'Others','2021-03-03 12:10:40','2021-03-03 12:10:40'),
	(123456782,'DEMO X','2021-03-03 12:10:40','2021-03-03 12:10:40'),
	(123456783,'DEMO X1','2021-03-03 12:10:40','2021-03-03 12:10:40'),
	(123456784,'DEMO X2','2021-03-03 12:10:40','2021-03-03 12:10:40'),
	(123456785,'DEMO X3','2021-03-03 12:10:40','2021-03-03 12:10:40'),
	(123456786,'DEMO Xx4','2021-03-03 12:10:40','2021-03-03 12:10:40'),
	(123456787,'DEMO Xx4','2021-03-03 12:10:40','2021-03-03 12:10:40'),
	(123456788,'DEMO Xx4','2021-03-03 12:10:40','2021-03-03 12:10:40'),
	(123456789,'DEMO Xx4','2021-03-03 12:10:40','2021-03-03 12:10:40'),
	(123456790,'DEMO Xx4','2021-03-03 12:10:40','2021-03-03 12:10:40'),
	(123456791,'DEMO Xx4','2021-03-03 12:10:40','2021-03-03 12:10:40'),
	(123456792,'DEMO Xx4','2021-03-03 12:10:40','2021-03-03 12:10:40'),
	(123456793,'DEMO Xx4','2021-03-03 12:10:40','2021-03-03 12:10:40'),
	(123456794,'DEMO Xx4','2021-03-03 12:10:41','2021-03-03 12:10:41'),
	(123456795,'DEMO Xx4','2021-03-03 12:10:41','2021-03-03 12:10:41'),
	(123456796,'DEMO Xx4','2021-03-03 12:10:41','2021-03-03 12:10:41'),
	(123456797,'DEMO Xx4','2021-03-03 12:10:41','2021-03-03 12:10:41'),
	(123456798,'DEMO Xx4','2021-03-03 12:10:41','2021-03-03 12:10:41'),
	(123456799,'DEMO Xx4','2021-03-03 12:10:41','2021-03-03 12:10:41'),
	(123456800,'DEMO Xx4','2021-03-03 12:10:41','2021-03-03 12:10:41'),
	(123456801,'DEMO Xx4','2021-03-03 12:10:41','2021-03-03 12:10:41'),
	(123456802,'DEMO Xx4','2021-03-03 12:10:41','2021-03-03 12:10:41'),
	(123456803,'DEMO Xx4','2021-03-03 12:10:41','2021-03-03 12:10:41'),
	(123456804,'DEMO Xx4','2021-03-03 12:10:41','2021-03-03 12:10:41'),
	(123456805,'DEMO Xx4','2021-03-03 12:10:41','2021-03-03 12:10:41'),
	(123456806,'DEMO Xx4','2021-03-03 12:10:41','2021-03-03 12:10:41'),
	(123456807,'DEMO Xx4','2021-03-03 12:10:41','2021-03-03 12:10:41'),
	(123456809,'DEMO Xx4','2021-03-03 12:10:41','2021-03-03 12:10:41'),
	(123456810,'DEMO Xx4','2021-03-03 12:10:41','2021-03-03 12:10:41'),
	(123456811,'DEMO Xx4','2021-03-03 12:10:41','2021-03-03 12:10:41'),
	(123456812,'DEMO Xx4','2021-03-03 12:10:41','2021-03-03 12:10:41'),
	(212187369546,'DEMO Xx4','2021-03-03 12:10:41','2021-03-03 12:10:41'),
	(717834598302648,'DEMO Xx4',NULL,NULL);

/*!40000 ALTER TABLE `facebook_brands` ENABLE KEYS */;
UNLOCK TABLES;


# Volcado de tabla facebook_campaigns
# ------------------------------------------------------------

DROP TABLE IF EXISTS `facebook_campaigns`;

CREATE TABLE `facebook_campaigns` (
  `campaign_id` bigint(20) NOT NULL,
  `fanpage_id` bigint(20) NOT NULL,
  `name` varchar(255) COLLATE utf8mb4_unicode_ci NOT NULL,
  `objective` varchar(255) COLLATE utf8mb4_unicode_ci NOT NULL,
  `status` enum('1','2') COLLATE utf8mb4_unicode_ci NOT NULL DEFAULT '2',
  `created_at` timestamp NULL DEFAULT NULL,
  `updated_at` timestamp NULL DEFAULT NULL,
  PRIMARY KEY (`campaign_id`),
  KEY `facebook_campaigns_fanpage_id_foreign` (`fanpage_id`),
  CONSTRAINT `facebook_campaigns_fanpage_id_foreign` FOREIGN KEY (`fanpage_id`) REFERENCES `facebook_brands` (`fanpage_id`)
) ENGINE=InnoDB DEFAULT CHARSET=utf8mb4 COLLATE=utf8mb4_unicode_ci;

LOCK TABLES `facebook_campaigns` WRITE;
/*!40000 ALTER TABLE `facebook_campaigns` DISABLE KEYS */;

INSERT INTO `facebook_campaigns` (`campaign_id`, `fanpage_id`, `name`, `objective`, `status`, `created_at`, `updated_at`)
VALUES
	(23847159045780700,212187369546,'FWYTX - Prospecting - Lead Generation','LEAD_GENERATION','1','2021-03-26 13:23:59','2021-03-26 13:23:59'),
	(23850162641720246,717834598302648,'SE-CNF-RECRUITMENTAD-NEWHIRINGBONUS26KV5','LEAD_GENERATION','1','2022-05-11 17:32:55','2022-05-11 17:32:55'),
	(23850601552120246,717834598302648,'SE-CNF-RECRUITMENTAD-MARCH22','LEAD_GENERATION','1','2022-05-11 18:59:22','2022-05-11 18:59:22');

/*!40000 ALTER TABLE `facebook_campaigns` ENABLE KEYS */;
UNLOCK TABLES;


# Volcado de tabla facebook_conf_ads
# ------------------------------------------------------------

DROP TABLE IF EXISTS `facebook_conf_ads`;

CREATE TABLE `facebook_conf_ads` (
  `id` bigint(20) NOT NULL,
  `type` varchar(50) COLLATE utf8mb4_unicode_ci NOT NULL,
  `media_code` varchar(50) COLLATE utf8mb4_unicode_ci NOT NULL,
  `code` varchar(50) COLLATE utf8mb4_unicode_ci NOT NULL,
  `created_at` timestamp NULL DEFAULT NULL,
  `updated_at` timestamp NULL DEFAULT NULL
) ENGINE=InnoDB DEFAULT CHARSET=utf8mb4 COLLATE=utf8mb4_unicode_ci;

LOCK TABLES `facebook_conf_ads` WRITE;
/*!40000 ALTER TABLE `facebook_conf_ads` DISABLE KEYS */;

INSERT INTO `facebook_conf_ads` (`id`, `type`, `media_code`, `code`, `created_at`, `updated_at`)
VALUES
	(238472875452007009,'insurance','CONFMX-RT-TS-LP-S-00012','CONFIE-MX',NULL,NULL),
	(2384715904585070099,'insurance','TSTNA-A-CNF-TR-E-09541','',NULL,NULL);

/*!40000 ALTER TABLE `facebook_conf_ads` ENABLE KEYS */;
UNLOCK TABLES;


# Volcado de tabla facebook_conf_adsets
# ------------------------------------------------------------

DROP TABLE IF EXISTS `facebook_conf_adsets`;

CREATE TABLE `facebook_conf_adsets` (
  `id` bigint(20) NOT NULL,
  `type` varchar(50) COLLATE utf8mb4_unicode_ci NOT NULL,
  `media_code` varchar(50) COLLATE utf8mb4_unicode_ci NOT NULL,
  `code` varchar(50) COLLATE utf8mb4_unicode_ci NOT NULL,
  `created_at` timestamp NULL DEFAULT NULL,
  `updated_at` timestamp NULL DEFAULT NULL
) ENGINE=InnoDB DEFAULT CHARSET=utf8mb4 COLLATE=utf8mb4_unicode_ci;

LOCK TABLES `facebook_conf_adsets` WRITE;
/*!40000 ALTER TABLE `facebook_conf_adsets` DISABLE KEYS */;

INSERT INTO `facebook_conf_adsets` (`id`, `type`, `media_code`, `code`, `created_at`, `updated_at`)
VALUES
	(238471590458307009,'recruit','tst','tst',NULL,NULL);

/*!40000 ALTER TABLE `facebook_conf_adsets` ENABLE KEYS */;
UNLOCK TABLES;


# Volcado de tabla facebook_conf_campaigns
# ------------------------------------------------------------

DROP TABLE IF EXISTS `facebook_conf_campaigns`;

CREATE TABLE `facebook_conf_campaigns` (
  `id` bigint(20) NOT NULL,
  `type` varchar(50) COLLATE utf8mb4_unicode_ci NOT NULL,
  `media_code` varchar(50) COLLATE utf8mb4_unicode_ci NOT NULL,
  `code` varchar(50) COLLATE utf8mb4_unicode_ci NOT NULL,
  `created_at` timestamp NULL DEFAULT NULL,
  `updated_at` timestamp NULL DEFAULT NULL
) ENGINE=InnoDB DEFAULT CHARSET=utf8mb4 COLLATE=utf8mb4_unicode_ci;

LOCK TABLES `facebook_conf_campaigns` WRITE;
/*!40000 ALTER TABLE `facebook_conf_campaigns` DISABLE KEYS */;

INSERT INTO `facebook_conf_campaigns` (`id`, `type`, `media_code`, `code`, `created_at`, `updated_at`)
VALUES
	(238471590457807009,'recruit','TST','asd',NULL,NULL);

/*!40000 ALTER TABLE `facebook_conf_campaigns` ENABLE KEYS */;
UNLOCK TABLES;


# Volcado de tabla facebook_conf_pages
# ------------------------------------------------------------

DROP TABLE IF EXISTS `facebook_conf_pages`;

CREATE TABLE `facebook_conf_pages` (
  `id` bigint(20) NOT NULL,
  `type` varchar(50) COLLATE utf8mb4_unicode_ci NOT NULL,
  `media_code` varchar(50) COLLATE utf8mb4_unicode_ci NOT NULL,
  `code` varchar(50) COLLATE utf8mb4_unicode_ci NOT NULL,
  `created_at` timestamp NULL DEFAULT NULL,
  `updated_at` timestamp NULL DEFAULT NULL
) ENGINE=InnoDB DEFAULT CHARSET=utf8mb4 COLLATE=utf8mb4_unicode_ci;

LOCK TABLES `facebook_conf_pages` WRITE;
/*!40000 ALTER TABLE `facebook_conf_pages` DISABLE KEYS */;

INSERT INTO `facebook_conf_pages` (`id`, `type`, `media_code`, `code`, `created_at`, `updated_at`)
VALUES
	(212187369546,'insurance','TST','asd',NULL,NULL);

/*!40000 ALTER TABLE `facebook_conf_pages` ENABLE KEYS */;
UNLOCK TABLES;


# Volcado de tabla facebook_configuration
# ------------------------------------------------------------

DROP TABLE IF EXISTS `facebook_configuration`;

CREATE TABLE `facebook_configuration` (
  `id` bigint(20) unsigned NOT NULL AUTO_INCREMENT,
  `email` varchar(255) COLLATE utf8mb4_unicode_ci NOT NULL,
  `api_attempts` tinyint(4) NOT NULL DEFAULT 0,
  `min_expiration_days` int(11) NOT NULL DEFAULT 50,
  `max_expiration_days` int(11) NOT NULL DEFAULT 60,
  `created_at` timestamp NULL DEFAULT NULL,
  `updated_at` timestamp NULL DEFAULT NULL,
  PRIMARY KEY (`id`)
) ENGINE=InnoDB DEFAULT CHARSET=utf8mb4 COLLATE=utf8mb4_unicode_ci;

LOCK TABLES `facebook_configuration` WRITE;
/*!40000 ALTER TABLE `facebook_configuration` DISABLE KEYS */;

INSERT INTO `facebook_configuration` (`id`, `email`, `api_attempts`, `min_expiration_days`, `max_expiration_days`, `created_at`, `updated_at`)
VALUES
	(1,'msaenz@aeonlinesolutions.com,\r\ndcandela@aeonlinesolutions.com',0,50,60,'2021-05-04 13:15:33','2022-04-11 14:41:59');

/*!40000 ALTER TABLE `facebook_configuration` ENABLE KEYS */;
UNLOCK TABLES;


# Volcado de tabla facebook_leads
# ------------------------------------------------------------

DROP TABLE IF EXISTS `facebook_leads`;

CREATE TABLE `facebook_leads` (
  `id` bigint(20) NOT NULL AUTO_INCREMENT,
  `leadgen_id` varchar(40) COLLATE utf8mb4_unicode_ci DEFAULT NULL,
  `ad_id` bigint(20) DEFAULT NULL,
  `media_code` varchar(255) COLLATE utf8mb4_unicode_ci NOT NULL,
  `first_name` varchar(255) COLLATE utf8mb4_unicode_ci NOT NULL,
  `last_name` varchar(255) COLLATE utf8mb4_unicode_ci NOT NULL,
  `zip_code` varchar(255) COLLATE utf8mb4_unicode_ci DEFAULT NULL,
  `phone_number` varchar(255) COLLATE utf8mb4_unicode_ci NOT NULL,
  `email` varchar(255) COLLATE utf8mb4_unicode_ci NOT NULL,
  `id_lms` varchar(20) COLLATE utf8mb4_unicode_ci DEFAULT NULL,
  `error` varchar(1000) COLLATE utf8mb4_unicode_ci DEFAULT NULL,
  `error_data` varchar(5000) COLLATE utf8mb4_unicode_ci DEFAULT NULL,
  `status_migrate` tinyint(10) NOT NULL DEFAULT 0,
  `type_lead` varchar(20) COLLATE utf8mb4_unicode_ci DEFAULT NULL,
  `extra` longtext CHARACTER SET utf8mb4 COLLATE utf8mb4_bin DEFAULT NULL CHECK (json_valid(`extra`)),
  `created_at` timestamp NULL DEFAULT NULL,
  `updated_at` timestamp NULL DEFAULT NULL,
  PRIMARY KEY (`id`),
  KEY `facebook_leads_ad_id_foreign2` (`ad_id`),
  CONSTRAINT `facebook_leads_ad_id_foreign2` FOREIGN KEY (`ad_id`) REFERENCES `facebook_ads` (`ad_id`)
) ENGINE=InnoDB DEFAULT CHARSET=utf8mb4 COLLATE=utf8mb4_unicode_ci;

LOCK TABLES `facebook_leads` WRITE;
/*!40000 ALTER TABLE `facebook_leads` DISABLE KEYS */;

INSERT INTO `facebook_leads` (`id`, `leadgen_id`, `ad_id`, `media_code`, `first_name`, `last_name`, `zip_code`, `phone_number`, `email`, `id_lms`, `error`, `error_data`, `status_migrate`, `type_lead`, `extra`, `created_at`, `updated_at`)
VALUES
	(1,'107563448034819',23847287545200700,'FWYTX-A-FB-LP-E-06495','Ernest','Pacheas','79103','8065678793','demo1@gmail.com','1',NULL,NULL,0,NULL,NULL,'2021-04-13 01:56:17','2021-04-19 15:03:05'),
	(2,'126389002795279',23847159045850700,'FWYTX-A-FB-LP-E-06495','Eloy','Guti','79005','8062283801','demo2@gmail.com','1',NULL,NULL,0,NULL,NULL,'2021-04-05 18:59:24','2021-04-05 12:00:04'),
	(3,'130940309061422',23847336687690700,'FWYTX-A-FB-LP-E-06495','Rito','Rios','75216','4695839090','demo3@gmail.com','1',NULL,NULL,0,NULL,NULL,'2021-05-03 22:03:43','2021-05-03 15:04:06'),
	(4,'132064932184919',23847336687690700,'FWYTX-A-FB-LP-E-06495','Edgardo','Barbas','76011','9569977271','demo4@mail.com','1',NULL,NULL,0,NULL,NULL,'2021-04-29 22:04:53','2021-04-29 15:05:06');

/*!40000 ALTER TABLE `facebook_leads` ENABLE KEYS */;
UNLOCK TABLES;


# Volcado de tabla facebook_page_tokens
# ------------------------------------------------------------

DROP TABLE IF EXISTS `facebook_page_tokens`;

CREATE TABLE `facebook_page_tokens` (
  `id` int(11) NOT NULL AUTO_INCREMENT,
  `page_id` bigint(20) DEFAULT NULL,
  `page_name` varchar(100) DEFAULT NULL,
  `page_token` varchar(300) DEFAULT NULL,
  `status` enum('1','2') DEFAULT NULL,
  `created_at` timestamp NULL DEFAULT NULL,
  `updated_at` timestamp NULL DEFAULT NULL,
  PRIMARY KEY (`id`)
) ENGINE=InnoDB DEFAULT CHARSET=latin1;

LOCK TABLES `facebook_page_tokens` WRITE;
/*!40000 ALTER TABLE `facebook_page_tokens` DISABLE KEYS */;

INSERT INTO `facebook_page_tokens` (`id`, `page_id`, `page_name`, `page_token`, `status`, `created_at`, `updated_at`)
VALUES
	(6,717834598302648,'Seguros Confie','EAAPV1gsWH1sBAIaSXKXV4mtIRdTYshZAeVFDPmDa3DUgXfBZA1XauCC1SJZBriEQQoOPZBpIoxrIXE1HPGyXZAn88L2us3vZBmoFy0ClIn6ckmRJIYsEd3QMOCwgmJE6LaSxn0WB4excO5QDMS0aEJgNxZBe3hfkYEniZB7v1iwRATntdjHstewv3K3QvPyvBQlF6y64L7sB3QZDZD','2','2022-05-11 16:45:08','2022-05-11 17:19:07'),
	(7,717834598302648,'Seguros Confie','EAAPV1gsWH1sBAK73FAAkjsV07VPyBPUMI8DLvFksjMHkyhChXqDu1LzvPTHHSbLyPPWMWXffP2L1OKvavZCB4mlfoBXqztzF1BmvnNFl8JKOb1cxCdjM44dwZCoFEWf4DPjsfqvHYXIt0kEnTZBANrSQCeKdvNZBc3zUCW3XzKyTP4dorHevFEj07st5U9hAvsTZAVQJxtgZDZD','1','2022-05-11 17:19:07','2022-05-11 17:19:07');

/*!40000 ALTER TABLE `facebook_page_tokens` ENABLE KEYS */;
UNLOCK TABLES;


# Volcado de tabla facebook_tokens
# ------------------------------------------------------------

DROP TABLE IF EXISTS `facebook_tokens`;

CREATE TABLE `facebook_tokens` (
  `id` bigint(20) unsigned NOT NULL AUTO_INCREMENT,
  `user_id` bigint(20) unsigned NOT NULL,
  `facebook_user_id` varchar(40) COLLATE utf8mb4_unicode_ci DEFAULT NULL,
  `user_token` varchar(300) COLLATE utf8mb4_unicode_ci DEFAULT NULL,
  `token` varchar(255) COLLATE utf8mb4_unicode_ci NOT NULL,
  `status` enum('1','2') COLLATE utf8mb4_unicode_ci NOT NULL DEFAULT '2',
  `created_at` timestamp NULL DEFAULT NULL,
  `updated_at` timestamp NULL DEFAULT NULL,
  PRIMARY KEY (`id`),
  KEY `facebook_tokens_user_id_foreign` (`user_id`),
  CONSTRAINT `facebook_tokens_user_id_foreign` FOREIGN KEY (`user_id`) REFERENCES `users` (`id`)
) ENGINE=InnoDB DEFAULT CHARSET=utf8mb4 COLLATE=utf8mb4_unicode_ci;

LOCK TABLES `facebook_tokens` WRITE;
/*!40000 ALTER TABLE `facebook_tokens` DISABLE KEYS */;

INSERT INTO `facebook_tokens` (`id`, `user_id`, `facebook_user_id`, `user_token`, `token`, `status`, `created_at`, `updated_at`)
VALUES
	(11,14,NULL,NULL,'EAAPV1gsWH1sBAKoQn9CYlxmZAVm4YQ8yS06HDZAIMPDtgAYxrR6TVMITfbZAfjZCU9CLULSD7OKPiXDZBCZAybCZBZAWJT93WJugdxrEZA1DLlXBljXzFyKZAZCazkt0AP6y73uz1LtAnPflyqGy1Do1vZAPi07KABZAZC2H68wNxl0e4ZArzzz5ULIoXBs','2','2021-03-10 13:04:09','2021-03-10 13:16:16'),
	(12,14,NULL,NULL,'EAAPV1gsWH1sBACGEOw6sxRgKWZAZASGcOBBXfrjAGH8DYqHIDSGhf7Oud6ALLb0R01qWxez17SZBtQ4T3aMESQrIXNzBEllTRZBh9yg7mzMD8kZCO4Tv3kqV3IAYdQBeaSDqWZAQih73xx4vztgVRqOkFLimJTogOp4IBlzNNYeRoDuhA7BYXr','2','2021-03-10 13:16:16','2021-03-11 05:51:20'),
	(13,14,NULL,NULL,'EAAPV1gsWH1sBAAZCVRZC2BfkqO7jvZBApKBNZB6AnIemFM46soYpZCfVb90JhZBdrM61op4b4AhUrTx4zoYejgAZBNxdNlByIj1dkYb8pdjBGdhNgHL0CftZAtfkrTizIXN69PCm6TBmWlcvJ1r6bXR6ZC5RT8WT7namlLJ8gJm9eZAPSnGyIvnNhLUABZC5ZBCQ1OWNWFxoTI4bAAZDZD','2','2021-03-11 05:51:20','2021-03-22 17:06:36'),
	(14,15,NULL,NULL,'EAAPV1gsWH1sBACZAC0K8JUdD65CbV9y7EnA2z4ZAMiHqjDjU8P3cDMPKockUvi3sUAbQbYMBunaPaGZB5nUbHhJjy6JGZB6y6rEkrA9zr3PGMtvCbcwmRc1EvlUdqdrpzzyIoZCr46vtPnQNZCzGRH8e4KmAZBmmS3vgWSxYy3ArwZDZD','2','2021-03-19 10:17:10','2021-03-22 14:22:03'),
	(15,15,NULL,NULL,'EAAPV1gsWH1sBAHG6iXi0d2ZC0YEjrug68YdKioikGEFyVOD5mZCtxdjSVWmEQ2RFRUQkWJwZBVkVfcu12K4KfoM47KqCQR4zCx2jLuiEPIwRaqT1SDR7IbMUpySb8i2d10JXYJLopAKplFoaRT1pBSXfa3idZBbCDZAD92QIjYwZDZD','2','2021-03-22 14:22:03','2021-03-22 15:44:49'),
	(16,15,NULL,NULL,'EAAPV1gsWH1sBAJDygHKVoTpKh7xrzkQNZAMAcAwnEbXdv4XqGnL0EPdiDJo8F6FiB4hhZBjHvJCmpMuZCUI7HOnKQQeKFrJX7MHIb1zdOxvPhdTWvBy7ud10LQpE1bDkML7uWqevfyFavo8CGX9aK078pyXzTSZBttWbyB7xuwZDZD','2','2021-03-22 15:44:49','2021-03-22 15:45:16'),
	(17,15,NULL,NULL,'EAAPV1gsWH1sBAMp0h8MjUJ7vpWZCGNtyTvyyGJkl2oMRyKZCVtooBvrFn3zb6Mjzl4h8LfvbwwJ2ELl6mAzZB2H8r8ssfCsBTUNsLwn5g8eaXo7ZCLZANJU5CIW0csD4YV7SJaFX9sCpDeFfsWJ0hQgVyzzf0qnKQyFQ5Npfh9wZDZD','2','2021-03-22 15:45:16','2021-03-22 17:10:29'),
	(18,14,'3742690579133164','EAAPV1gsWH1sBAM5TGLwDkYKWN3zQy3Nt1LcIQQwCZAZAdVtVfMWcZCZBd2nHFECi1X0iBmIIVSWzMcsw5Y29rhWDPai4C7ZB9ZBzdO4Gpfd6DKYRZBtSZAch4LkJmeC1BMhi8GH8k5wlxl5JjOp6xDVyRemZCQYmazC747I9wZBgtaoXitjJCoujvrYYmgKOZCLNwLipDYO8NLdSopPREHkodeQ','EAAPV1gsWH1sBAHk3w8JtjykqZBP09LLiZAohCkHG2iC82dAOsD7SpKPZCOZBXH7HVpiT4e0oEcIpsNCqo1ZBZCc9layCBLzm39kcMlQY0asyZBk40vZA4ZCZCFCYiJln9dbPyfdpUZAgdjHXYzVL5Y0SgZCbIUlX8WWnZCGv0c63X29F2XM9bz0acek22','2','2021-03-22 17:06:36','2021-03-22 17:53:26'),
	(19,15,'1972277282921300','EAAPV1gsWH1sBAMnoqZBcEZAlGqO2u4OBGXDH8eBIUb4CFIPRsBIZAn0BLT3bp3kb2pNfVYEO0vNGdkh4mIlCtDju5lQGwE05cPNrUEdR5va2EMmaYI7ETWx3JA3UE0kBf1F4qbgzJFCFtzbYdgoCZCs9qN8NUhoF0HU7i7kQrbLBEncUK72FZBxeGL8WgwRxnI52nZBqPv2gZDZD','EAAPV1gsWH1sBAOOeXw9OkbzXXQg7SZCAJeEXaTPv8OIBM9FuK892wDMCfx9CmeOUj1ZAJef7kucKAyiRg4LIcdKbt5mZBZCMyK0i1RcajUdcdKmwke5065dxoLe5LQuHnpkgwQPRSj8hMZBFLA5x99Og4XPtW5Xq7FNhnetRgmQZDZD','1','2021-03-22 17:10:29','2021-03-22 17:10:29'),
	(20,14,'3742690579133164','EAAPV1gsWH1sBAG0BKdM1CaEALJvZAJlhwOzOTZC3XzUwEvqgwVM4KlxLEDwgItOfYEm8HsmRNk7ahcjJgXHySBtmvz1badFs3va9NawWnsVBmgoLGG4ZAvO5IsS4O27kUOftBv6xC2f7SfBVEDX9RvE4OKiR6HQBZBBJZAUXjPSJq043NxFhXat91m6Xj7zqGUzSXVvbUcSl7tSXb9pfH','EAAPV1gsWH1sBAENi0ZBBhFkBPYIPlZBSnBqE9he9uT13XMZCHCV2kNaJtRpaX7vI9c7O1Ox6j1ODRy9yPz9BAnSEmhj3uAYAQVcqiqsvTv1cICIF6E36anwjUgMtY4TawkI9lwe06y20GotiGzV4wFqWQmvavWfwELek8GmwoKE9KAIGOAG','2','2021-03-22 17:53:26','2021-03-22 17:57:40'),
	(21,14,'102683945202433','EAAPV1gsWH1sBALna5UWC16KzRDUTWWYtvvX7tlrsaBQzQEHYiHgNgueR0UgJoj8RZAbEl1eIXZA45ZB2JZAG5v36WhweubiY0iTSZB2BvHCt4BNflBPIZB2MaqjrmOVDUqQ3suXDzfYfBDp8ZCdWBx9Xs76BmpG5ZA0NhtjEGDVXLwfZC4aGbhu8n1uPOGBmZAmkvwqD5RLHhUJwZDZD','EAAPV1gsWH1sBANwZCCmZBTZBppoWc7ZCQNZCCZCQZAoZCMLf8NBjUFXRAlY4vhZBuqKXlrN8l7013tmvdlzSgUzW2W8UgD42ZCQMZCty2SFdzwEQeAQpg433wfkBMUDJzk2hwDw2p6bxYFqQNFi0r7heLyMTHZCbSEZCKokpgjduGFaZBcoQZDZD','2','2021-03-22 17:57:40','2021-03-22 17:59:22'),
	(22,14,'102683945202433','EAAPV1gsWH1sBAPkD35akr9EYAgOZAKjSZAffsSRJVhfAG6JaHneqxyimyIwJm1MK71AvZAb1TaAFa805vkgVWvFu5G4fFOs9nvdNlARtqZC82XB99Po4XV9o0z991P6YUztXj8ZAMiKYghRyB7jwplTXHKScIbhFdRgojD2QjhSL8uJUvVK3auoeNmwAfBLCoqEDoZBZCuqJAZDZD','EAAPV1gsWH1sBAMj0EhdDNkpA2lXUO7SloSZAfgpDBGHGCAJC7EA8zoXBWVEE9oiQZBO4c1zR0dAKyZCh2RPGRx9sgw6ZAR1Vrt4P28xKkZAgMOND81Do0ZABt47WZCMmUAeoJEGVudpUmiAVFGqHYy2QdVKdnuDquAqx7fihg2PiQZDZD','2','2021-03-22 17:59:22','2021-03-22 18:19:54'),
	(23,14,'102683945202433','EAAPV1gsWH1sBAOgYOeCfUfR1GvQxgLQNGf3b03ZCuCHUYZBDzW9eyqMGavXoLFXh7ZCZBvDgC7dDWflinl7cNA1ZAthlHFeM3F55MHU6xSpy4jNshXQqJRTEuhVOaSjF9Q8MGSHFZCmMwZB6OZByzOo6D6ZCrJyJUZAhxin9K6GcYWIHvnxFOh2R3x3pBeqA5dMT79EuoNHgFFygZDZD','EAAPV1gsWH1sBAKZCZAW8nHWGnPLiVv76VqPigRczmWLcRl4yg3jbYkG9uIPza31rMIClKckLjSBSGre7uLZBKWEfWw4KkEjrYnZBzSuzzaZC2AFSseVxbbaBRVR3TaMxBM1IqYqYhGK7E4AfetWN3DVxsn5iIcAOntBX09R95qAZDZD','2','2021-03-22 18:19:54','2021-03-23 09:12:22'),
	(24,14,'102683945202433','EAAPV1gsWH1sBAFY8aD8QFnD0ZBgt87J12Niduy9ZCQJRsUhkEeEkqefGQumk1nGZBD7oiyKGA034ixUMqAXFv6whsSlBwUVYZCBzfEOnaRv6Im0EisRFrXCe76zY5F8JA4xMQIxOtD9bwyUzsEZAbVwms2rI7hZAcE3TsB24xI3Ya9z7HUGmbEsjfVQJkzvUbboJYZBXLqP5gZDZD','EAAPV1gsWH1sBALiq5lkIBGb8B1zXnMrNydJSUu5PqZA0Q69yJFMGInhJJatWrvGH0iRrZCZASem7TZCtkp7sSrIUyY8LLnGsOgXZBYmBDA63jI2NiLh3ttKGZBxwjm5mngcyUvQO4pKGEGwZBuOZBYjG7PqBQCZANTiQL0X6TZAOzbeAZDZD','2','2021-03-23 09:12:22','2021-03-24 15:17:40'),
	(25,14,'102683945202433','EAAPV1gsWH1sBACMrtP4zSgo2k66aq2x88NX1G5kMHcoO4xEO9NuHG3VeY4fYYJZBAp1lUAULiqXyI0p221ZBCJZAd43Dg0Kuv2CRKF08c4u4LGCaqYHI7MlXXPNHbE9ylA6kPFltPCpxxRJ72lntUj1QFZC720KegsKaCwZCGV6GZBTZBx4fnSBwrmHkFkwkbIS7UThlND8sAZDZD','EAAPV1gsWH1sBAM1lAf9cUoftBw0Eu4BpEr7XnGzTHQUsXVwVbzALcPj12DZC52Rv1JBZCzw9iZAuFVBEHRhndxmE9RJlaIn8K6KD8mMWN5RZCRSSDwvPEcB4elQDodl5guxdGVIe4YE9O2fRxZANX0Wey3vh2DKbZCJqa8AxgCigZDZD','2','2021-03-24 15:17:40','2021-03-24 15:18:06'),
	(26,14,'102683945202433','EAAPV1gsWH1sBANGeyhEikMSBPnbX8bPJlPfJWuvs1a6PvLkcHTT3q51NDZCzKPD8M3eOOXruYIg7UsBISdecZBspe7wdyDdFz9sedbG0njzkG5soT05ZBfNsTZAlGYZAXtZBv3qh4AOCJEyL4y7STsx2V9WZC1GbKGNrhUKjTsJQ9zg5BVC260za1eK8Hp9ZBm6NeVV3XMY4KwZDZD','EAAPV1gsWH1sBABLJcQUKCe5MhlplfLNuOeKZAJgHUNLLsatfr5mtDNgoZCHmzRpQeS9foiDmG6bpvj6vQAnJNYNx3TUTg327qjocLxw8kWr8UBZB1S6a0FFIPD3kQvMS1DF8gdvdwHNvLSO0jxGtix2ZAInyg6t6bA2CfWhi2wZDZD','2','2021-03-24 15:18:06','2021-03-26 10:23:34'),
	(27,14,'102683945202433','EAAPV1gsWH1sBAIovf41yf5ZADOEfMLlCIqRBx44wxDGNowdsgeZCVvfYHHwIHQlYG4aPdpEsZCIXl3AVQ1fpFWgMOsxy2ZBaoj2eEHcHPhB1ND7Pba892vGqfA9WyHidTtxY6cLT2oBYBgIifLQWNAD2ZBXVXF0SvP6CWo9v03MBPn6dZAorThYJ22Q4HxWVwWMniHWpttogZDZD','EAAPV1gsWH1sBACWLwexWNcwwNQY96EwMDTsz3ZBTxiww8TJKMsLkAAvG0NqohkOZCgaURMXCFZB6atlt5Mew7XsltkNVNmx3iPCrG9TXueYNvPCuZBvavn3P6vTv9I78vwZB5oCCx0aC5eZA0iZCZCisbYWGx9QWZCo5EGpCd1jJ52gZDZD','2','2021-03-26 10:23:34','2021-03-26 10:49:10'),
	(28,14,'102683945202433','EAAPV1gsWH1sBAH5IFwOSZCFvmdbP9FniwGYxBAmoBN3sywWunb958eYMZBKFHHPhP4YPBsbqVW6hCMnZBY5342qkH86P3YBxy6yP3dPpnbsxd72HPFZC8w37bl7a3XiGX9NZACDJDAVaJHRyor03mWU7eXxBrFUUa6jEYHpcLqJSBBU2vIgy8rxEIQGMUutxVVZAdSaJAUegZDZD','EAAPV1gsWH1sBAGqljDZA1FqZBj3pCskiNlrxaQ9p0V1ypGPPUs8iDPTvOAmY9Uw7gF2UlTur4wNyas1laPIzD4AxLvZB3y3bAt4byQRjDHw7xygRobbwx5W5SdQ8fIHPdBFfSRdNA75vwNcrCU99SWde5AEGeaI82sPzwHmwQZDZD','2','2021-03-26 10:49:10','2021-03-26 10:59:01'),
	(29,14,'3742690579133164','EAAPV1gsWH1sBAOtItyBJbNX1Kv3zU9YpBN29NUDEe3lzZAHWWZBcATgTh4HUNE30DtEyl9gYTobysIMiHH5FZANJmQnzI6BAD6e5bTZBBxdBRpxExl5FZCFDDQ8Ieo82wYUEVonuI1rSbabZCxpd0QDB8hVFOZBobHMUNe9T7Qn0ZCc1hj75SgwfPCeWm4WoSjaIzYUA84lZB81wSoif3QXWC','EAAPV1gsWH1sBAFD4ZAqAJlRgSdW4WsSEIV2Mnq0zq6DHHA1OUQfQHkfistJf6DWUHXA1AtLndMOHSfBtUN0rg8pwMWZCn0YamZAGHYBs841eUFwZBZCQWqghsZCjuFDISUxf3TYDYPlZCSyUVPBDKF6kAxBUZApA99JHDwblRWim70uPEFRl6cgE','2','2021-03-26 10:59:01','2021-03-26 10:59:11'),
	(30,14,'3742690579133164','EAAPV1gsWH1sBAPYtztZAYQAXdLDLeinJOmUmONo96Msz5Pdy28pVa8QTTkfJvfudg06ZAfkYvzXWCCrzEkLpuKvuwPaN5bcXHtCGsNSoZCJi2wAD9qOUjlMhvLSZBpHqBvHAyLk9Yi2zvZBsvAO1WfwshvZCOLZAmLQBwcDhsGd2iOxMb6BQqCofQc4ZAQkw3gI3WfRucKQB27vGMrP8vOcN','EAAPV1gsWH1sBAAsE8CZC712OyPgccnHaPtShwulYLZBmqtdoZCx185bHhDqdE75K4C0hc2URyuhNq3vMI6YopCX6wY3u1BBcihL00pPrQZCrofgqxhAwK0dEZBJJZA2xowjxZBsw37o7b1OWJI12cG4ypL6IFMhkPGVKFb7UpNWYfBXjUg8LCSF','2','2021-03-26 10:59:11','2021-03-26 10:59:27'),
	(31,14,'3742690579133164','EAAPV1gsWH1sBAHYC6ZC3Kkz8yrzZAFH2LYR8WBbMNgVCNJacic37NriQn0ZClOHMZCthbbZBGprQsofPYV24cDKqlAJyBKfZBvw0bNDZBKZBJOsHdFxUleMNBOEtZC9ks44OZCz0LwIdqop7VlLadxLtdQyDNCUHMSt4BRYdxEY9kLp9xXvEBy3TRGh9ZADv4oGwCirxJFTNjSZCZB0BCFdSFZCt8Q','EAAPV1gsWH1sBADflZBNluDRsZC7yxgaOKgcYKUZAI6zyRT99X4KZB51DqmUAfWETV1U7Niqxd1fafIOYv1vLQlZCOTCFXYDI6y13qW2HgqWLqHMJNFSqzCCJkq2WpRZC8VARCnUhMIEGqsbE1zadsFepnHYnMMZCSP86NWBM3h6YDmwhKS7Q3ad','2','2021-03-26 10:59:27','2021-03-26 12:00:29'),
	(32,14,'3742690579133164','EAAPV1gsWH1sBAIzy5fKY3LKWE3NRR16Xsg3zZCyYJibp5FMTgOHKune6gxb06fM5SnzLZC7jhVe8lIcHfZBc5cypVq4Vc7RjOfIkNxZCzZBWwg2UCwKHYWxYxB56fE3Uzo4LrgBnkgjMgRANCq9ZBGyh51ZCZBUnvUfpoEa43VEmmO8kRz1n6ZCEEWUwU4mqxxQlWcHGhLZBh89YavNmLESjPU','EAAPV1gsWH1sBAI5quAJZBI44M0RKpagBtSrLsZA1lpZC81qjY9SiROuOQkiT6wtR6AplnbLztSCGCBZBAsen505hPe07oU7Ap3iNJ6AAHg4ihq5CW0snygNhGHDUvBWQGmoROvYU9DoKaTYbmZCZCEoIJPuVFRWJNUGwWtA9hEsNZBwM04bCeay','2','2021-03-26 12:00:29','2021-03-26 12:13:45'),
	(33,14,'102683945202433','EAAPV1gsWH1sBAOBrZAyrnR1kClll0OlPrZBUWaUTtZCut0lzqnvxSZBo370l3GzCxTBwqyGbZA0MGb87tzvb9CmkIWmzG6jRw0DJ5EGjP5Iuv1WIBnoXnobRoDYuvIvLTZAjTSXzBZAdijLVISVuHigApHgQsZBUMWHrzlZApf4uxS52O1hPlb25ZCx0dHxFXM1iZCK9iGBJr4wsAZDZD','EAAPV1gsWH1sBAJaZAlYb8BC5Sl8pUAMl6FqAWxPwDI9FYK4w9Xo6zFLGso7AIptjmYpo7XLadbhjHNIUiOGYuXXWxjgspwVX1aCA9ojf7xgRaAN8vajh8fsWsTmxtNNsRrDQwnHsCY0eKZBW9dvB8m9pZBJUySkVGeg0vjkkwZDZD','2','2021-03-26 12:13:45','2021-03-26 12:31:47'),
	(34,14,'102683945202433','EAAPV1gsWH1sBALqUqdPLrEiaIuI6nBYPaNSGiu80RMYNdUQSJKeDHIIDRbvxZAvboDdovU814kpD9UW8wRKG8R2CLABscUdu4xqbTPBZAgTMGI5O0Oe2Dqld4rQN3b8lNz2U54DnMO1GIFSW1T9PzFHdljy0ZCpek5nnWvcgHxuCiZC37amPtcnSAGFcSvE0ZAQgzv2PFWAZDZD','EAAPV1gsWH1sBAJwCwHWetACDTfZCE6TmWuOQtM3swuFxKOVzOGPQtTiQkgFyxWKZBM4Su0vP9BZA3Xv3SjKmijsa0FTTwcHUaLejkGdeL5d4KNGdVSIi4iG8sJDWvQ6MteAQINDlFyMjaJH0ApoYZCt7DiZA8suK9lyoIQkDNBwZDZD','2','2021-03-26 12:31:47','2021-03-26 14:13:08'),
	(35,14,'102683945202433','EAAPV1gsWH1sBAAVTJZAtt6FyORu7jpm5dvhtheQx1xnxxSgDZA74qga9EOkLu3DZA3JuxutzHaSoaaqqkK3cSktACwn5xRneXyCZAx5YR7qWKDLgGQtLeTiGiE9S1dPZCTvYLnG3TZCpuwU4soejZA1wxmtWoHIKfpDkiVUkF3qXvgglJQWnJzcsIpCw5nSJIH4cVI9JdoJAAZDZD','EAAPV1gsWH1sBAEF2u8DO01evfDkLeLGvW5mMhplZBEWvonwZCBiZCb5HCkz0ZBBqla70KC22L8eCP2SWCUBRXZBVLB8C8bOOcZBXisZBpr9mC3sZCMAqV3mGdqc75isqplY1twLR4Laa8ak69s1aTetotK402U8nslfwekCcjRHOBwZDZD','2','2021-03-26 14:13:08','2021-03-30 06:47:50'),
	(36,14,'102683945202433','EAAPV1gsWH1sBAAsNJ74cFmICcTZAIqskBx25QkUM8YeVkA43iUq1wPIhVPIcsKa6YkFiPG6wtpGDOJTLTodk4oIO1YYoySP5rZAk5RvufgoqBpyoZCfvg8e5A82sSRAZCvm0StZActv8ATqTxQIBM47yFpL8A9ZBZCgnY4l2DIV6N2VOhonez3ZBkSrXRWDVXkcNtTRWdb0y8QZDZD','EAAPV1gsWH1sBADZA3rdfB0J3ZAj6yNsv6S1ZBWsT26w8RTQnH3i5xOinyMxSb0ZA7JTWfh7ROJ8j4yndrZAhw7pRd5euRZCYCo4KgqWsWgbZCbUTvU8ZCw2OdRRtnSRmGocKgReVJQEGfTdgNtQAnkfxG7A04ZBWxTgZAklFnJZBztKqwZDZD','2','2021-03-30 06:47:50','2021-03-30 07:22:48'),
	(37,14,'102683945202433','EAAPV1gsWH1sBAAsNJ74cFmICcTZAIqskBx25QkUM8YeVkA43iUq1wPIhVPIcsKa6YkFiPG6wtpGDOJTLTodk4oIO1YYoySP5rZAk5RvufgoqBpyoZCfvg8e5A82sSRAZCvm0StZActv8ATqTxQIBM47yFpL8A9ZBZCgnY4l2DIV6N2VOhonez3ZBkSrXRWDVXkcNtTRWdb0y8QZDZD','EAAPV1gsWH1sBAA0ie6CeZBEColGbaD3bdsO6ZCpQ3JaLv7YD4RN679ZBJhqys8sVgUf1lCFZCnp870RyCjkAO8ZCskfe5lOkFZALhUPCR0TihZBwWC3P2z3p9mZB6eyQMDnA2SWOkcnKh8JlCKemOmFw26cpBA4mOmv5qCTtFAZAIWQZDZD','2','2021-03-30 07:22:48','2021-04-12 10:51:22'),
	(38,14,'3742690579133164','EAAPV1gsWH1sBANi471dKh3IDBqZBb99T4vzJfgzvGh3qZACTsb4ZB1wJEquADWRqe92lCZCZCFZBZB9NMXSPEwd0ZC4HyQo3m73JDTQNJHr4VpZA0xEJeJaZBIPJvxrPkfCGkHVYZB9TQQxeqEXlN4QVWIQWZBZB8llt2BPZAJMVioWzFiiGYb2ZByhguLR5OhsNsZBf8sXyLFxwqBSy4cZCitjGBdNun','EAAPV1gsWH1sBAAL50CrIRC0zKPGrR46T7EpZAFpHqI2lAE3b0Y6vYPI9oJH4NXiuqsgkE8dIAZC0N8XlXTyFwzbhbaZBxh5tDFZAY2RZCM1APb4zmfInlFHKIQUtgECXdWxZAlNQJxfHvOzLYMPoOO4eoTywdBKvHrBDCRaPZCwVPfaVM4y7EM6','2','2021-04-12 10:51:22','2021-04-12 10:51:27'),
	(39,14,'3742690579133164','EAAPV1gsWH1sBANi471dKh3IDBqZBb99T4vzJfgzvGh3qZACTsb4ZB1wJEquADWRqe92lCZCZCFZBZB9NMXSPEwd0ZC4HyQo3m73JDTQNJHr4VpZA0xEJeJaZBIPJvxrPkfCGkHVYZB9TQQxeqEXlN4QVWIQWZBZB8llt2BPZAJMVioWzFiiGYb2ZByhguLR5OhsNsZBf8sXyLFxwqBSy4cZCitjGBdNun','EAAPV1gsWH1sBAH1AavBv3beKjFpBI6aIriAzMvrWJmtkuRmGEk9I0I9JfZAYxHPP09i6yKZCspd45P09tZBG94LvxZCZAyKD32kTn9k7gtZB2POFtgU9CPStpk7KszL7YaKxsgskWtXBiUWCZADMhQskMYNsscVodJRu5voXVtFFlDH2N8qSepq','2','2021-04-12 10:51:27','2021-04-12 10:55:03'),
	(40,14,'3742690579133164','EAAPV1gsWH1sBAFfoFY7ddeHjw03WoW7V4ZBJUF8QUZCwauFYsO08ZCWKD42lAZAfoHzE8vZCowmfxpojmp7DH8HBzsxsACADqIk3HXR38nHxqncQzCtOHfvyYBaPZBjTXB26xSIRwMiSokqEt0qBGRYmqB4XuPATZBufLWIno7LAV1FRCZC7gPAxvR8qT5JNlirROKZCmVyvER624LP9WoZAos','EAAPV1gsWH1sBAE6T2sw5EBn7GxUiMPTtZCDNCkvyOZA0C3LpPGo1M1roUYK5IyOOZC2sNh3z7nRl58m9fvFpJNJI2yJmid14cVhcveCrTe9OLt94SacVOh6KCfI4tKjriWGByUHkGeA1GWTyjMphNU7kvW13yAqiwp6oL1zbxE4BnOZCKZAmj','2','2021-04-12 10:55:03','2021-04-19 10:23:44'),
	(41,14,'102683945202433','EAAPV1gsWH1sBALdxEst7JZCoOeNyvZC48jsJQzttSGZB6bo6mqM22oe3uYrDqVjZA1yvjVEdS4JzUKEBNEIqy1P06kknNw6ntYIbSzo59q1DCFM1KvTU1ZBN6K2ZCzBmNL0dGLPOII9maEgRerP7iBmvWwNKG8dNWgVeIK54RHnUqCX9li6qRHZAdp25RUWmWTFRrUiqtm4qQZDZD','EAAPV1gsWH1sBAKKqr248LC1lSRkl0oPPZB1mtGx6Ysif7z3bIkSqlbJjjXPZBalnrier1PqMpvRfjaEhYveErv1IgN0KFyWCS89KrRUssa44u3g7jXK89EJYE8mS0d2TwgllBIKATiMj4f7VoKaFb32hhtpQ0raxMDZB4TEEwZDZD','2','2021-04-19 10:23:44','2021-05-21 12:17:09'),
	(42,14,'102683945202433','EAAPV1gsWH1sBAAHZAbh1wrHbdBqyuOLRHwRXrrMZBYugkTeoQZBgh0qmYrxN0YsOsMXXozs9kWl4hvpI0mzM0gSUwjVl6A646OMamO2oQCej6SgEq8iIEhccsHLdDuK8brigUbLwCfdUxh7mQf7DadOHXYW7vVr2tpiqXm5Yk7b1K8blDjZCCQZBBc5cZBuI7CEJDAMrzbOzQZCWK4DiLs9','EAAPV1gsWH1sBAEtKdDxG1Tum5HpcGbUZCY7s8KRyrlSlBvVOdAWSknuvwOLv6ZCBUFoyaFRLX1NTyQADOJHKCvE3PZCvOfVW7hAeXMg3fORcYMzfGbUEEJAIm4Gd1S2fLYQxKsXP3ZCT5xZA70GAX99psPe9Qez9voCSoYXIDZCyMd56EC6y0j','1','2021-05-21 12:17:09','2021-05-21 12:17:09'),
	(43,1,'102683945202433','EAAPV1gsWH1sBAAB3sSK7n5Is8eswHY0CylVEm5eZBCBxvw77iG2FWxapRmECtM7ebM2MW1V2nUVqRaE6AL4fw7FRUvqAWbHmMUTQh8kuZBJdYxDFKfggCUvlSFCHoFFlQZCaPPtXtCZCgThell9xHHxweV8cDVtszLocTjPYZA4yR0sdbEk5WZBFJaY0xuL2JLMTcUIAeZB2kZCBIpyPENYN','EAAPV1gsWH1sBAL5vyRAIa4HEWBVkEWQ0CHTb0ESuRqdQnfxbefJuWgafpz5mTfvNDAK4AYjej832dSC1Sp8tZCeIZBDXgptaVhv7fAkswVguFWjY4ExlAFZCKlO4lZCh6qz0oOJHpLjZCVvasowHKKpy5ZCygvwXdeyEpBDf8wZCNE36FCREUm9','2','2021-07-26 08:32:52','2021-07-26 08:32:59'),
	(44,1,'102683945202433','EAAPV1gsWH1sBAAAR88ocSiUZCmSTWZAE3Mjdjv2MZBmXIzZB6ZAQeNEKlZAA5TZA2MkpfdqWhtxLQxEOYUW7pq9uQv2HJ3Gc24hhCqkHSW27CelWFVJ9gqNfXFF1f9R7SwwqHKEZC85NpP72u3aUF0VPwbbteq5CCiXmWmwfkthyjj7JFZCZB8hzevLk4DYuxYLIC7WmM1LSdaCoRn6zxIqoM1','EAAPV1gsWH1sBAP17aoIe9MB5xKcjVecFVY5IaJPtk3XmX7tYuSc6L3sPnfeTHlYdwE6f6BxduognehmsMSmucrk4VcFNcZAzBZAZBsxF3aTBe0H45iEX65FpAzNZC18iLYKZBLmEHyckVB45ODZCxV33qpzhQotgkU4dzrv0JdywZDZD','2','2021-07-26 08:32:59','2021-07-26 08:33:09'),
	(45,1,'102683945202433','EAAPV1gsWH1sBAKOgx9hJGCHRZA8Rb0wHV1A6Wp9iDc1GYJVZCiT8wCaTMoyzqTisLqI9ixCEvNEpX66XulHcstuFlZBfl1EzQVmbipWH2UPDiZCZBricffCXjdqDJbH35RcPOmbdsCix36AJTCZB662R0To3HlN8RkdhjWcuLi7VDbkJtZBtHFxECkEgwJkHRuN5bpqZBZCtFV3JRzUpmS9v9','EAAPV1gsWH1sBANZBGTGuqnOXHJnhXZAbQsTmPXJoh7XX3310XZB645qxonLtaxc8noXUXdZB8hYjPFQhIZBhxVbCPjxN7Yy82ZCZCY4SDZCKBHnESZCsauoW6waZAfoY0bVtakY9ZB2rSNM8wx6fERjJoRjwJPWVcxBkHCBYf2gSaEoEwZDZD','1','2021-07-26 08:33:09','2021-07-26 08:33:09'),
	(46,17,'102683945202433','EAAPV1gsWH1sBADQIy8xE07dj7NgQDpo4QAAn28vACIcAg8RZBZAX7zFirT80KZAv9aqyryOdKN7NucEiJl7SYqHxYvpl3NcSxUkxifghZA1Srqh5STfyaJjq54dfeulma8SVezKbNrZAidbGl6zDkNpXB3eMgBQhtNMGWoNXGvnieJOcLDyGWo4CnJ7R6ZAoYYLFu5czY7CGTYJTy8OlFU','EAAPV1gsWH1sBACpEr0ZBoDa3IWSyNAPMo7TCQPKeQwZABVstWdY0hVKdgv4FNgIDUaGhY3qlj9w6Xj3lZCFPUMv6KhGjhcPKspvZCrQ8PtOkXJVFin7BkCIsbG9tHHmWHBykH2bO5KUztdiZAq8pC8jmbwBVJgGh5h4OXGef9VAZDZD','2','2022-05-11 16:45:08','2022-05-11 17:19:07'),
	(47,17,'102683945202433','EAAPV1gsWH1sBAGQd8rWfErQ7Mihqwg4DbC8ehc8AGvM9y3f9elKpaZBZCRBQufXkzTaqSBg1RQOUtyrbHJRRNdZBbbMutVTjVsAOm8b8TaZCTsf6dd5NDbpDm98a12mAQnd4l5In769aYqZABP38osYIJMBZBUvwE2ece9mvJyhn1dGZAvwBFtJZCm9rtpS4yDhmhWgUl7Ft0f5Wvjxl26Oi','EAAPV1gsWH1sBAHQoTrpB0mjbZCTWoWYPXunUFj8zXvHrZAcWYOZAwDknotxjc4FF16coZCpMcj9rX4AalxXeB8L8dGek6r54svBSHeycdSZCmYNtPriBaSU0FkLtMi6K9T7H7B7uhTmwziKF8bvZBE6uQjxkZBSc1JMQQav2k3jaQZDZD','1','2022-05-11 17:19:07','2022-05-11 17:19:07');

/*!40000 ALTER TABLE `facebook_tokens` ENABLE KEYS */;
UNLOCK TABLES;


# Volcado de tabla facebook_webhook
# ------------------------------------------------------------

DROP TABLE IF EXISTS `facebook_webhook`;

CREATE TABLE `facebook_webhook` (
  `id` bigint(20) NOT NULL AUTO_INCREMENT,
  `data` longtext CHARACTER SET utf8mb4 COLLATE utf8mb4_bin DEFAULT NULL CHECK (json_valid(`data`)),
  `created_at` timestamp NULL DEFAULT NULL,
  `updated_at` timestamp NULL DEFAULT NULL,
  PRIMARY KEY (`id`)
) ENGINE=InnoDB DEFAULT CHARSET=latin1;

LOCK TABLES `facebook_webhook` WRITE;
/*!40000 ALTER TABLE `facebook_webhook` DISABLE KEYS */;

INSERT INTO `facebook_webhook` (`id`, `data`, `created_at`, `updated_at`)
VALUES
	(15,X'7B226964223A2022373137383334353938333032363438222C202274696D65223A20313635323331333030382C20226368616E676573223A205B7B226669656C64223A20226C65616467656E222C202276616C7565223A207B22666F726D5F6964223A2022343630373038333332353132323035222C2022706167655F6964223A2022373137383334353938333032363438222C20226C65616467656E5F6964223A202235303636383735353636373237343436222C2022637265617465645F74696D65223A20313635323331333030367D7D5D7D','2022-05-11 17:02:27','2022-05-11 17:02:27'),
	(16,X'7B226964223A2022373137383334353938333032363438222C202274696D65223A20313635323330383338302C20226368616E676573223A205B7B226669656C64223A20226C65616467656E222C202276616C7565223A207B2261645F6964223A20223233383531303335383031333530323436222C2022666F726D5F6964223A2022343630373038333332353132323035222C2022706167655F6964223A2022373137383334353938333032363438222C2022616467726F75705F6964223A20223233383531303335383031333530323436222C20226C65616467656E5F6964223A202231313432323538393536363235313834222C2022637265617465645F74696D65223A20313635323330383337387D7D5D7D','2022-05-11 17:29:16','2022-05-11 17:29:16'),
	(17,X'7B226964223A2022373137383334353938333032363438222C202274696D65223A20313635323238343630372C20226368616E676573223A205B7B226669656C64223A20226C65616467656E222C202276616C7565223A207B2261645F6964223A20223233383531303335383031333530323436222C2022666F726D5F6964223A2022343630373038333332353132323035222C2022706167655F6964223A2022373137383334353938333032363438222C2022616467726F75705F6964223A20223233383531303335383031333530323436222C20226C65616467656E5F6964223A202231333636333535373037313632343836222C2022637265617465645F74696D65223A20313635323238343630357D7D5D7D','2022-05-11 17:29:47','2022-05-11 17:29:47'),
	(18,X'7B226964223A2022373137383334353938333032363438222C202274696D65223A20313635323238343630372C20226368616E676573223A205B7B226669656C64223A20226C65616467656E222C202276616C7565223A207B2261645F6964223A20223233383531303335383031333530323436222C2022666F726D5F6964223A2022343630373038333332353132323035222C2022706167655F6964223A2022373137383334353938333032363438222C2022616467726F75705F6964223A20223233383531303335383031333530323436222C20226C65616467656E5F6964223A202231333636333535373037313632343836222C2022637265617465645F74696D65223A20313635323238343630357D7D5D7D','2022-05-11 17:32:54','2022-05-11 17:32:54'),
	(19,X'7B226964223A2022373137383334353938333032363438222C202274696D65223A20313635323331353636382C20226368616E676573223A205B7B226669656C64223A20226C65616467656E222C202276616C7565223A207B22666F726D5F6964223A2022343630373038333332353132323035222C2022706167655F6964223A2022373137383334353938333032363438222C20226C65616467656E5F6964223A202231313039353632373633323234313730222C2022637265617465645F74696D65223A20313635323331353636367D7D5D7D','2022-05-11 17:54:56','2022-05-11 17:54:56'),
	(20,X'7B226964223A2022373137383334353938333032363438222C202274696D65223A20313635323331373030392C20226368616E676573223A205B7B226669656C64223A20226C65616467656E222C202276616C7565223A207B22666F726D5F6964223A2022343630373038333332353132323035222C2022706167655F6964223A2022373137383334353938333032363438222C20226C65616467656E5F6964223A2022323938383234343232333037333431222C2022637265617465645F74696D65223A20313635323331373030387D7D5D7D','2022-05-11 17:56:49','2022-05-11 17:56:49'),
	(21,X'7B226964223A202230222C202274696D65223A20313635323331373131312C20226368616E676573223A205B7B226669656C64223A20226C65616467656E222C202276616C7565223A207B2261645F6964223A2022343434343434343434222C2022666F726D5F6964223A2022343434343434343434343434222C2022706167655F6964223A2022343434343434343434343434222C2022616467726F75705F6964223A20223434343434343434343434222C20226C65616467656E5F6964223A2022343434343434343434343434222C2022637265617465645F74696D65223A20313635323331373131317D7D5D7D','2022-05-11 17:58:32','2022-05-11 17:58:32'),
	(22,X'7B226964223A2022373137383334353938333032363438222C202274696D65223A20313635323331383039312C20226368616E676573223A205B7B226669656C64223A20226C65616467656E222C202276616C7565223A207B2261645F6964223A20223233383530373132313335363930323436222C2022666F726D5F6964223A2022343630373038333332353132323035222C2022706167655F6964223A2022373137383334353938333032363438222C2022616467726F75705F6964223A20223233383530373132313335363930323436222C20226C65616467656E5F6964223A2022363639353330393537343834323237222C2022637265617465645F74696D65223A20313635323331383038387D7D5D7D','2022-05-11 18:14:52','2022-05-11 18:14:52'),
	(23,X'7B226964223A2022373137383334353938333032363438222C202274696D65223A20313635323332303735392C20226368616E676573223A205B7B226669656C64223A20226C65616467656E222C202276616C7565223A207B2261645F6964223A20223233383530363231353931393030323436222C2022666F726D5F6964223A2022343630373038333332353132323035222C2022706167655F6964223A2022373137383334353938333032363438222C2022616467726F75705F6964223A20223233383530363231353931393030323436222C20226C65616467656E5F6964223A2022353032383138393031353436313836222C2022637265617465645F74696D65223A20313635323332303735377D7D5D7D','2022-05-11 18:59:20','2022-05-11 18:59:20'),
	(24,X'7B226964223A2022373137383334353938333032363438222C202274696D65223A20313635323332323934392C20226368616E676573223A205B7B226669656C64223A20226C65616467656E222C202276616C7565223A207B2261645F6964223A20223233383531313935303731333030323436222C2022666F726D5F6964223A2022343630373038333332353132323035222C2022706167655F6964223A2022373137383334353938333032363438222C2022616467726F75705F6964223A20223233383531313935303731333030323436222C20226C65616467656E5F6964223A202231303132383836363436303132393135222C2022637265617465645F74696D65223A20313635323332323934377D7D5D7D','2022-05-11 19:35:49','2022-05-11 19:35:49'),
	(25,X'7B226964223A2022373137383334353938333032363438222C202274696D65223A20313635323332393936302C20226368616E676573223A205B7B226669656C64223A20226C65616467656E222C202276616C7565223A207B2261645F6964223A20223233383531303335383031333530323436222C2022666F726D5F6964223A2022343630373038333332353132323035222C2022706167655F6964223A2022373137383334353938333032363438222C2022616467726F75705F6964223A20223233383531303335383031333530323436222C20226C65616467656E5F6964223A2022323930313339383239393937313539222C2022637265617465645F74696D65223A20313635323332393935397D7D5D7D','2022-05-11 21:32:40','2022-05-11 21:32:40'),
	(26,X'7B226964223A2022373137383334353938333032363438222C202274696D65223A20313635323333303432322C20226368616E676573223A205B7B226669656C64223A20226C65616467656E222C202276616C7565223A207B2261645F6964223A20223233383530373132313335363930323436222C2022666F726D5F6964223A2022343630373038333332353132323035222C2022706167655F6964223A2022373137383334353938333032363438222C2022616467726F75705F6964223A20223233383530373132313335363930323436222C20226C65616467656E5F6964223A2022333932323435373939343432343437222C2022637265617465645F74696D65223A20313635323333303431367D7D5D7D','2022-05-11 21:40:22','2022-05-11 21:40:22'),
	(27,X'7B226964223A2022373137383334353938333032363438222C202274696D65223A20313635323333323037372C20226368616E676573223A205B7B226669656C64223A20226C65616467656E222C202276616C7565223A207B2261645F6964223A20223233383531303335383031333530323436222C2022666F726D5F6964223A2022343630373038333332353132323035222C2022706167655F6964223A2022373137383334353938333032363438222C2022616467726F75705F6964223A20223233383531303335383031333530323436222C20226C65616467656E5F6964223A2022353636303131323034383630373139222C2022637265617465645F74696D65223A20313635323333323037357D7D5D7D','2022-05-11 22:07:58','2022-05-11 22:07:58'),
	(28,X'7B226964223A2022373137383334353938333032363438222C202274696D65223A20313635323333323835392C20226368616E676573223A205B7B226669656C64223A20226C65616467656E222C202276616C7565223A207B2261645F6964223A20223233383531313935303731323830323436222C2022666F726D5F6964223A2022343630373038333332353132323035222C2022706167655F6964223A2022373137383334353938333032363438222C2022616467726F75705F6964223A20223233383531313935303731323830323436222C20226C65616467656E5F6964223A202233323136313139323838363138303633222C2022637265617465645F74696D65223A20313635323333323835377D7D5D7D','2022-05-11 22:20:59','2022-05-11 22:20:59'),
	(29,X'7B226964223A2022373137383334353938333032363438222C202274696D65223A20313635323333353238342C20226368616E676573223A205B7B226669656C64223A20226C65616467656E222C202276616C7565223A207B2261645F6964223A20223233383530363231353931393030323436222C2022666F726D5F6964223A2022343630373038333332353132323035222C2022706167655F6964223A2022373137383334353938333032363438222C2022616467726F75705F6964223A20223233383530363231353931393030323436222C20226C65616467656E5F6964223A202235333839343137353031303931323339222C2022637265617465645F74696D65223A20313635323333353238327D7D5D7D','2022-05-11 23:01:25','2022-05-11 23:01:25'),
	(30,X'7B226964223A2022373137383334353938333032363438222C202274696D65223A20313635323334323137302C20226368616E676573223A205B7B226669656C64223A20226C65616467656E222C202276616C7565223A207B2261645F6964223A20223233383531313935303731323930323436222C2022666F726D5F6964223A2022343630373038333332353132323035222C2022706167655F6964223A2022373137383334353938333032363438222C2022616467726F75705F6964223A20223233383531313935303731323930323436222C20226C65616467656E5F6964223A2022343837363838363833303431303733222C2022637265617465645F74696D65223A20313635323334323136377D7D5D7D','2022-05-12 00:56:11','2022-05-12 00:56:11'),
	(31,X'7B226964223A2022373137383334353938333032363438222C202274696D65223A20313635323334363931332C20226368616E676573223A205B7B226669656C64223A20226C65616467656E222C202276616C7565223A207B2261645F6964223A20223233383531313935303731333030323436222C2022666F726D5F6964223A2022343630373038333332353132323035222C2022706167655F6964223A2022373137383334353938333032363438222C2022616467726F75705F6964223A20223233383531313935303731333030323436222C20226C65616467656E5F6964223A202231333438373439333138393730353735222C2022637265617465645F74696D65223A20313635323334363931307D7D5D7D','2022-05-12 02:15:13','2022-05-12 02:15:13'),
	(32,X'7B226964223A2022373137383334353938333032363438222C202274696D65223A20313635323335303035312C20226368616E676573223A205B7B226669656C64223A20226C65616467656E222C202276616C7565223A207B2261645F6964223A20223233383531313935303731323830323436222C2022666F726D5F6964223A2022343630373038333332353132323035222C2022706167655F6964223A2022373137383334353938333032363438222C2022616467726F75705F6964223A20223233383531313935303731323830323436222C20226C65616467656E5F6964223A202231313238373630373034363335343336222C2022637265617465645F74696D65223A20313635323335303035307D7D5D7D','2022-05-12 03:07:32','2022-05-12 03:07:32');

/*!40000 ALTER TABLE `facebook_webhook` ENABLE KEYS */;
UNLOCK TABLES;



/*!40111 SET SQL_NOTES=@OLD_SQL_NOTES */;
/*!40101 SET SQL_MODE=@OLD_SQL_MODE */;
/*!40014 SET FOREIGN_KEY_CHECKS=@OLD_FOREIGN_KEY_CHECKS */;
/*!40101 SET CHARACTER_SET_CLIENT=@OLD_CHARACTER_SET_CLIENT */;
/*!40101 SET CHARACTER_SET_RESULTS=@OLD_CHARACTER_SET_RESULTS */;
/*!40101 SET COLLATION_CONNECTION=@OLD_COLLATION_CONNECTION */;
